wormbase_gene,Uniq_reads_num.5784560.,Uniq_reads_num.5230459.
WBGene00007071,212,453
WBGene00007081,7,130
WBGene00014999,48,31
WBGene00007089,445,270
WBGene00007090,754,492
WBGene00007093,782,490
WBGene00007094,924,470
WBGene00007096,1,1
WBGene00007097,29,79
WBGene00015001,360,205
WBGene00194700,1,96
WBGene00015002,4,5
WBGene00007112,47,150
WBGene00007113,410,225
WBGene00007106,578,409
WBGene00015006,1,4
WBGene00206362,13,10
WBGene00015009,771,537
WBGene00015011,653,409
WBGene00015024,18,391
WBGene00044413,25,39
WBGene00044644,241,112
WBGene00015021,506,353
WBGene00015022,165,130
WBGene00015027,1,11
WBGene00015032,6,48
WBGene00015056,714,1133
WBGene00015064,383,618
WBGene00015075,1145,672
WBGene00015076,1,10
WBGene00015073,1245,726
WBGene00015084,4,28
WBGene00007122,670,841
WBGene00015087,2,8
WBGene00044615,2,1
WBGene00015096,79,36
WBGene00007129,386,371
WBGene00007130,17,26
WBGene00015097,8,70
WBGene00044674,66,289
WBGene00015103,1,1
WBGene00015104,863,495
WBGene00015110,31,22
WBGene00015111,3,6
WBGene00007136,129,106
WBGene00015115,14,39
WBGene00015132,24,26
WBGene00015125,1203,1064
WBGene00015134,476,240
WBGene00015136,88,71
WBGene00007149,1,1
WBGene00007144,641,380
WBGene00007145,809,514
WBGene00015150,277,176
WBGene00015160,534,312
WBGene00015163,33,79
WBGene00007156,8,96
WBGene00007159,18,226
WBGene00007165,11,8
WBGene00007168,2396,1168
WBGene00007172,1,5
WBGene00043982,19,34
WBGene00015172,3,4
WBGene00015178,1,1
WBGene00015191,150,96
WBGene00015189,174,73
WBGene00015190,31,21
WBGene00007186,2318,1409
WBGene00007189,587,372
WBGene00007192,1491,1405
WBGene00007194,249,133
WBGene00015204,506,321
WBGene00015206,1516,1116
WBGene00015208,383,268
WBGene00015219,75,96
WBGene00015238,341,221
WBGene00015232,1761,1105
WBGene00015233,630,356
WBGene00015244,2,29
WBGene00007202,108,70
WBGene00007207,818,441
WBGene00007216,796,953
WBGene00044294,46,142
WBGene00015278,291,588
WBGene00015282,1406,813
WBGene00015283,664,457
WBGene00015291,285,151
WBGene00015301,851,550
WBGene00007222,19,140
WBGene00007223,849,700
WBGene00007237,225,235
WBGene00007239,4,71
WBGene00007234,488,325
WBGene00007244,8,54
WBGene00007249,4,20
WBGene00015307,229,112
WBGene00007225,1151,614
WBGene00007226,254,245
WBGene00007227,3427,2536
WBGene00007253,1,5
WBGene00007254,1,6
WBGene00015328,30,58
WBGene00015329,1062,634
WBGene00015322,5,24
WBGene00043097,137,146
WBGene00015339,2,3
WBGene00015355,33,24
WBGene00007264,8,2
WBGene00015351,13,20
WBGene00015352,117,102
WBGene00015353,245,142
WBGene00044445,15,38
WBGene00015346,646,433
WBGene00015348,4,43
WBGene00007267,277,248
WBGene00015381,23,69
WBGene00015382,14,13
WBGene00015386,5,39
WBGene00007274,2,43
WBGene00015390,14,38
WBGene00015402,2,7
WBGene00015393,24,37
WBGene00015405,791,431
WBGene00015409,1,1
WBGene00007285,2,4
WBGene00015433,28,64
WBGene00015427,9,7
WBGene00015423,18,47
WBGene00045270,1,6
WBGene00015442,2,2
WBGene00007301,121,988
WBGene00015450,446,260
WBGene00007308,73,580
WBGene00015453,2,1
WBGene00015454,357,213
WBGene00007312,70,50
WBGene00007324,53,93
WBGene00007330,1911,1502
WBGene00007334,208,134
WBGene00007337,2,44
WBGene00015462,521,335
WBGene00015464,147,191
WBGene00015481,1828,1275
WBGene00015483,9,24
WBGene00015486,815,483
WBGene00007341,6,6
WBGene00044029,3,1
WBGene00015469,227,399
WBGene00015474,33,11
WBGene00015494,21,23
WBGene00007349,44,74
WBGene00007354,14,82
WBGene00044414,27,23
WBGene00015516,6,100
WBGene00007365,293,141
WBGene00007377,4,3
WBGene00007382,3,7
WBGene00015518,44,22
WBGene00015524,827,447
WBGene00015529,49,27
WBGene00015537,2,13
WBGene00015539,20,53
WBGene00015541,45,45
WBGene00015546,4,19
WBGene00015549,6,6
WBGene00015552,155,124
WBGene00015554,172,106
WBGene00015558,3,14
WBGene00007391,276,164
WBGene00007394,73,128
WBGene00007398,1,2
WBGene00015566,5,12
WBGene00015569,50,55
WBGene00015565,1370,1084
WBGene00007420,5,2
WBGene00007414,13,49
WBGene00007419,48,55
WBGene00007421,6,17
WBGene00015579,257,162
WBGene00015582,1,5
WBGene00044773,81,167
WBGene00007436,176,99
WBGene00007430,19,49
WBGene00007424,3,30
WBGene00007429,207,128
WBGene00077692,17,25
WBGene00007440,17,58
WBGene00007459,1,1
WBGene00007460,155,41
WBGene00007445,882,470
WBGene00007449,18,28
WBGene00015619,28,35
WBGene00007474,2,9
WBGene00015621,49,81
WBGene00015629,6,124
WBGene00015633,138,294
WBGene00015634,12,119
WBGene00206357,1,7
WBGene00007476,77,48
WBGene00007478,2,21
WBGene00007486,53,112
WBGene00007487,6,2
WBGene00044001,185,86
WBGene00007492,950,841
WBGene00007503,13,38
WBGene00015665,10,14
WBGene00015668,1,4
WBGene00015671,23,61
WBGene00007507,24,11
WBGene00007511,2,5
WBGene00007512,3,47
WBGene00015673,10,16
WBGene00015690,1,13
WBGene00015702,433,227
WBGene00015703,231,176
WBGene00007522,1,2
WBGene00007525,28,58
WBGene00007528,21,20
WBGene00015708,1,1
WBGene00015728,9,8
WBGene00015729,1,6
WBGene00015744,146,88
WBGene00015745,822,403
WBGene00015746,529,439
WBGene00007553,212,277
WBGene00015747,623,359
WBGene00050944,105,81
WBGene00007557,4,10
WBGene00007559,3,22
WBGene00050956,2,52
WBGene00184990,168,94
WBGene00007573,727,388
WBGene00007574,181,246
WBGene00007580,2143,1100
WBGene00015755,199,256
WBGene00015752,416,476
WBGene00015753,3,7
WBGene00015765,5,47
WBGene00015768,4,2
WBGene00015769,104,64
WBGene00015756,36,114
WBGene00015759,88,38
WBGene00015781,3,16
WBGene00007597,6,93
WBGene00007598,2,10
WBGene00007600,4,3
WBGene00007603,223,123
WBGene00015791,69,153
WBGene00015792,1,2
WBGene00015793,26,24
WBGene00007606,733,449
WBGene00007609,58,54
WBGene00015795,7,18
WBGene00007610,6,115
WBGene00015805,2,31
WBGene00015803,264,646
WBGene00185089,106,83
WBGene00015816,145,114
WBGene00015820,11,57
WBGene00015807,105,68
WBGene00015809,1524,828
WBGene00015810,744,707
WBGene00015811,1057,802
WBGene00015823,295,370
WBGene00007622,322,182
WBGene00007632,17,37
WBGene00007623,509,332
WBGene00007625,726,413
WBGene00007628,270,167
WBGene00007621,938,657
WBGene00015849,54,47
WBGene00015850,110,47
WBGene00015852,120,81
WBGene00015853,400,230
WBGene00015842,311,232
WBGene00015857,1,2
WBGene00015896,48,74
WBGene00015890,1,5
WBGene00007639,1,11
WBGene00044236,107,67
WBGene00007644,123,98
WBGene00007645,849,441
WBGene00015905,63,40
WBGene00015899,538,257
WBGene00044374,1,2
WBGene00015913,2344,3044
WBGene00007649,267,358
WBGene00007652,21,45
WBGene00015915,892,415
WBGene00015919,7,9
WBGene00015929,10,163
WBGene00015933,516,1
WBGene00015947,10,8
WBGene00015949,75,92
WBGene00015946,2,3
WBGene00015941,908,587
WBGene00015944,5,65
WBGene00007666,262,292
WBGene00015954,102,241
WBGene00015955,547,633
WBGene00007679,51,67
WBGene00007681,624,347
WBGene00007682,69,48
WBGene00044232,2,2
WBGene00007684,479,436
WBGene00007685,103,171
WBGene00007689,231,330
WBGene00015994,8,98
WBGene00016004,46,62
WBGene00016009,32,30
WBGene00016017,7,2
WBGene00016021,416,231
WBGene00044132,3,1
WBGene00016040,8,63
WBGene00016046,5,7
WBGene00016054,10,131
WBGene00016056,54,15
WBGene00016057,557,307
WBGene00007697,125,90
WBGene00016067,10,3
WBGene00077526,975,787
WBGene00016087,228,123
WBGene00007720,482,346
WBGene00050940,6,27
WBGene00007717,1,2
WBGene00016099,26,50
WBGene00016097,22,87
WBGene00045411,7,2
WBGene00045461,8,7
WBGene00007730,202,167
WBGene00016109,1,2
WBGene00016111,2,3
WBGene00016123,118,92
WBGene00044392,1,8
WBGene00194642,30,28
WBGene00016112,131,75
WBGene00016116,327,260
WBGene00016129,326,282
WBGene00016133,6,6
WBGene00016134,256,388
WBGene00007743,40,52
WBGene00016145,445,239
WBGene00016148,449,283
WBGene00016154,1427,763
WBGene00044386,1,5
WBGene00007757,482,321
WBGene00007765,25,6
WBGene00007766,878,659
WBGene00007777,20,115
WBGene00007780,447,254
WBGene00016171,692,305
WBGene00016166,515,264
WBGene00043156,440,222
WBGene00007787,865,506
WBGene00016177,14,73
WBGene00016182,762,423
WBGene00016180,19,93
WBGene00007792,6,80
WBGene00007794,13,128
WBGene00016191,24,33
WBGene00016193,6,16
WBGene00016194,6160,3638
WBGene00016209,413,291
WBGene00045246,23,7
WBGene00016210,209,334
WBGene00007811,296,447
WBGene00007812,132,191
WBGene00016217,1,11
WBGene00016234,20,104
WBGene00016235,2076,1839
WBGene00016237,6,12
WBGene00016247,8,8
WBGene00016261,425,245
WBGene00016263,760,433
WBGene00016274,51,331
WBGene00044177,19,203
WBGene00044178,24,53
WBGene00007825,153,133
WBGene00007826,266,153
WBGene00007836,170,159
WBGene00007841,8,39
WBGene00007847,87,66
WBGene00007850,35,15
WBGene00016291,1500,797
WBGene00007855,24,36
WBGene00016310,27,37
WBGene00016317,756,393
WBGene00016319,11,9
WBGene00016314,32,24
WBGene00016322,6,38
WBGene00016323,797,393
WBGene00016325,116,152
WBGene00016332,234,396
WBGene00007867,14,1
WBGene00007880,530,479
WBGene00007890,12,10
WBGene00007882,488,278
WBGene00007883,19,18
WBGene00007892,29,32
WBGene00016342,59,54
WBGene00016336,1,7
WBGene00007900,58,45
WBGene00016345,1,4
WBGene00016351,15,139
WBGene00016358,11,116
WBGene00050941,209,149
WBGene00016353,225,97
WBGene00016356,10,116
WBGene00007906,119,153
WBGene00016362,21,45
WBGene00016379,16,41
WBGene00016396,6,12
WBGene00016388,3,65
WBGene00016389,1,3
WBGene00016393,860,856
WBGene00007911,19,19
WBGene00007923,137,191
WBGene00007926,7,5
WBGene00007927,552,385
WBGene00206355,4,2
WBGene00007917,563,482
WBGene00016406,93,103
WBGene00016399,17,143
WBGene00016411,387,295
WBGene00007937,4,7
WBGene00007934,17,45
WBGene00016413,1,19
WBGene00016414,11,80
WBGene00016417,21,31
WBGene00007938,30,68
WBGene00007945,7,12
WBGene00016420,8,98
WBGene00016425,86,64
WBGene00016429,4,23
WBGene00016431,4,4
WBGene00007947,42,67
WBGene00016434,547,766
WBGene00016435,143,152
WBGene00007958,4,9
WBGene00016439,298,221
WBGene00016446,591,320
WBGene00016452,89,92
WBGene00016442,333,180
WBGene00016443,573,425
WBGene00016445,53,79
WBGene00016463,2,4
WBGene00016461,69,335
WBGene00007965,2117,1104
WBGene00007978,1525,767
WBGene00044614,69,44
WBGene00016469,732,793
WBGene00016490,41,32
WBGene00007980,1715,1078
WBGene00007983,12,24
WBGene00016493,2953,2335
WBGene00007991,129,105
WBGene00016504,3,15
WBGene00016501,946,486
WBGene00045390,10,17
WBGene00008005,1343,674
WBGene00008007,18,36
WBGene00008008,72,64
WBGene00008019,75,99
WBGene00016520,28,18
WBGene00016524,278,165
WBGene00008034,923,531
WBGene00016540,50,57
WBGene00016541,18,251
WBGene00016542,64,91
WBGene00016545,1,1
WBGene00008043,9,19
WBGene00016567,162,87
WBGene00008063,22,420
WBGene00016590,99,60
WBGene00016594,862,1335
WBGene00016596,44,29
WBGene00016599,26,32
WBGene00016607,184,154
WBGene00016612,5,48
WBGene00016616,19,16
WBGene00016634,5,23
WBGene00016635,3,4
WBGene00016627,1058,1912
WBGene00008080,496,269
WBGene00016641,6,5
WBGene00016657,11,22
WBGene00016654,826,454
WBGene00045379,2,6
WBGene00185117,1,4
WBGene00016658,61,144
WBGene00016661,167,142
WBGene00016664,1,5
WBGene00016667,4,12
WBGene00001590,200,109
WBGene00016674,544,228
WBGene00016676,840,515
WBGene00016706,8,24
WBGene00008110,234,154
WBGene00045078,49,34
WBGene00016712,3,2
WBGene00008121,13,11
WBGene00016721,142,224
WBGene00016722,889,1635
WBGene00044502,8,5
WBGene00016728,16,17
WBGene00008124,5,48
WBGene00008134,107,92
WBGene00008136,2755,1519
WBGene00008138,1,1
WBGene00008139,53,112
WBGene00008147,542,336
WBGene00008148,588,494
WBGene00008142,20,24
WBGene00008157,28,34
WBGene00008164,234,122
WBGene00008173,441,287
WBGene00008174,677,404
WBGene00008169,207,146
WBGene00008172,453,322
WBGene00016746,118,102
WBGene00016740,126,68
WBGene00016741,698,485
WBGene00016745,78,47
WBGene00016749,58,86
WBGene00008191,35,99
WBGene00016764,183,118
WBGene00016757,18,26
WBGene00016758,32,36
WBGene00016759,45,119
WBGene00016760,339,581
WBGene00008201,7,3
WBGene00008204,15,27
WBGene00008196,301,173
WBGene00008197,565,391
WBGene00016769,77,77
WBGene00008211,26,44
WBGene00008215,2,6
WBGene00016788,152,34
WBGene00077593,3,4
WBGene00016781,187,586
WBGene00045474,3,1
WBGene00016790,763,485
WBGene00016791,171,110
WBGene00016794,655,474
WBGene00016797,8,17
WBGene00008219,1231,643
WBGene00008227,3,3
WBGene00008228,30,62
WBGene00016799,668,341
WBGene00016805,3,1
WBGene00044420,20,9
WBGene00016808,309,189
WBGene00016809,2,3
WBGene00016810,495,399
WBGene00016811,504,324
WBGene00016825,11,131
WBGene00016822,84,33
WBGene00016824,233,92
WBGene00016816,901,484
WBGene00016817,4,17
WBGene00016840,6,18
WBGene00008235,9,63
WBGene00008238,792,455
WBGene00008232,82,52
WBGene00001910,194,343
WBGene00008233,3,11
WBGene00008234,1,4
WBGene00016846,57,46
WBGene00008246,31,34
WBGene00008254,85,195
WBGene00016862,181,255
WBGene00016874,46,48
WBGene00016888,1937,1074
WBGene00008259,8,85
WBGene00008260,15,29
WBGene00194706,156,102
WBGene00194707,265,152
WBGene00008273,10,24
WBGene00016893,173,293
WBGene00016900,1,5
WBGene00008281,425,238
WBGene00044746,26,36
WBGene00008288,158,97
WBGene00044166,7,5
WBGene00016914,7,8
WBGene00008304,4,10
WBGene00008298,249,1031
WBGene00008299,2,50
WBGene00016929,3,1
WBGene00016923,3,3
WBGene00008313,9,85
WBGene00008315,1,1
WBGene00008317,850,783
WBGene00008318,307,177
WBGene00008330,419,237
WBGene00008340,1,14
WBGene00008335,12,38
WBGene00008336,10,26
WBGene00016946,3,22
WBGene00016947,507,367
WBGene00016942,45,205
WBGene00016953,41,136
WBGene00008344,712,451
WBGene00016965,286,169
WBGene00016970,103,135
WBGene00016979,4,1
WBGene00016982,10,12
WBGene00008348,93,117
WBGene00016996,11,17
WBGene00044421,4,3
WBGene00017002,128,70
WBGene00017005,229,161
WBGene00017017,243,134
WBGene00017022,5,6
WBGene00017023,107,170
WBGene00008353,38,46
WBGene00017025,1037,602
WBGene00008370,90,71
WBGene00008377,3029,5027
WBGene00008371,611,378
WBGene00008375,40,45
WBGene00008383,7,98
WBGene00008388,23,65
WBGene00045355,14,147
WBGene00045405,6,11
WBGene00008390,84,176
WBGene00008392,15,25
WBGene00008393,625,1168
WBGene00008398,434,340
WBGene00008404,441,391
WBGene00008408,205,122
WBGene00008410,854,514
WBGene00008420,51,36
WBGene00008421,8,12
WBGene00008413,624,340
WBGene00008414,329,350
WBGene00008417,1088,559
WBGene00008418,666,333
WBGene00008425,13,20
WBGene00008426,26,22
WBGene00017055,1,14
WBGene00017060,5,27
WBGene00008432,3,5
WBGene00008434,83,54
WBGene00017065,222,523
WBGene00017077,4,1
WBGene00044953,13,22
WBGene00017082,21,12
WBGene00008440,507,218
WBGene00017087,93,54
WBGene00008450,6,7
WBGene00008453,8,14
WBGene00008455,409,267
WBGene00008457,189,100
WBGene00008458,147,77
WBGene00077757,18,19
WBGene00017102,1,2
WBGene00017105,30,11
WBGene00017106,4,4
WBGene00017112,49,567
WBGene00008484,1,12
WBGene00017131,21,18
WBGene00017126,61,140
WBGene00017127,79,141
WBGene00017128,172,434
WBGene00017140,10,4
WBGene00017141,35,8
WBGene00017142,316,154
WBGene00017143,47,22
WBGene00194696,5,3
WBGene00017133,7,12
WBGene00017134,1189,494
WBGene00017135,3,2
WBGene00017147,77,42
WBGene00017151,2,1
WBGene00008492,2,2
WBGene00008495,4,3
WBGene00008498,12,75
WBGene00017165,1001,558
WBGene00017169,153,122
WBGene00017159,298,200
WBGene00017160,49,48
WBGene00008516,1,2
WBGene00008521,24,54
WBGene00008528,314,205
WBGene00008531,565,309
WBGene00008541,31,428
WBGene00017193,2,4
WBGene00008554,15,31
WBGene00017210,534,383
WBGene00017219,32,30
WBGene00017220,592,430
WBGene00045271,57,139
WBGene00008561,387,253
WBGene00017235,11,5
WBGene00017238,236,143
WBGene00017246,10,28
WBGene00017250,36,69
WBGene00017262,59,178
WBGene00017263,512,357
WBGene00017269,572,351
WBGene00017272,114,113
WBGene00008585,100,88
WBGene00008576,96,125
WBGene00008578,52,56
WBGene00008590,9,165
WBGene00008603,93,241
WBGene00008604,6,13
WBGene00017279,4,124
WBGene00008621,93,196
WBGene00008622,172,178
WBGene00017294,41,95
WBGene00017296,1,5
WBGene00017289,332,200
WBGene00017290,2,6
WBGene00017291,9,25
WBGene00017292,9,7
WBGene00017283,373,242
WBGene00017285,638,405
WBGene00017286,294,174
WBGene00017306,1,7
WBGene00017307,2,1
WBGene00017311,1675,1348
WBGene00044444,1,2
WBGene00045507,69,48
WBGene00008634,34,69
WBGene00008639,883,462
WBGene00008645,2121,1105
WBGene00008648,1086,535
WBGene00017335,5,7
WBGene00017339,79,58
WBGene00017340,8,6
WBGene00017347,825,505
WBGene00017348,265,161
WBGene00017350,3,8
WBGene00017361,36,74
WBGene00017355,861,587
WBGene00017356,498,300
WBGene00017357,440,244
WBGene00017358,520,282
WBGene00017363,2,1
WBGene00008686,1318,766
WBGene00008680,1,2
WBGene00045511,13,3
WBGene00008690,22,16
WBGene00017376,3,14
WBGene00023501,3,8
WBGene00008707,1881,4411
WBGene00017384,12,71
WBGene00017385,1100,1347
WBGene00017390,17,16
WBGene00017397,595,308
WBGene00077704,3,1
WBGene00017402,84,76
WBGene00044811,24,29
WBGene00008720,2378,1411
WBGene00008722,514,295
WBGene00017413,39,27
WBGene00008724,5,105
WBGene00008726,9,6
WBGene00045357,423,269
WBGene00008729,2388,1549
WBGene00017423,66,64
WBGene00017426,24,52
WBGene00017428,31,38
WBGene00017429,28,78
WBGene00008744,3,13
WBGene00008739,17,51
WBGene00008741,1404,3446
WBGene00008745,176,210
WBGene00008750,712,443
WBGene00008754,4,59
WBGene00008768,101,44
WBGene00008770,24,35
WBGene00008777,64,137
WBGene00017431,270,477
WBGene00017443,7,18
WBGene00017444,2,15
WBGene00017436,53,83
WBGene00017438,3,6
WBGene00017442,19,30
WBGene00008779,32,27
WBGene00008784,6,4
WBGene00017448,46,66
WBGene00017459,36,22
WBGene00017462,126,81
WBGene00023427,58,38
WBGene00017456,199,110
WBGene00045331,1,3
WBGene00008789,766,427
WBGene00195147,2,26
WBGene00017468,20,38
WBGene00044536,1,1
WBGene00017471,14,45
WBGene00017473,7,5
WBGene00017474,8,9
WBGene00008831,3,3
WBGene00008822,259,134
WBGene00008823,344,157
WBGene00008825,1277,826
WBGene00008844,19,18
WBGene00008838,16,5
WBGene00008840,6,18
WBGene00008841,103,306
WBGene00017481,6,3
WBGene00045418,691,624
WBGene00008856,475,334
WBGene00008859,140,86
WBGene00008862,23,110
WBGene00008863,2,7
WBGene00017484,7,5
WBGene00017485,55,85
WBGene00008868,9,27
WBGene00008880,161,139
WBGene00017506,4,14
WBGene00008886,7,3
WBGene00017530,11,10
WBGene00008900,10,6
WBGene00017534,1227,775
WBGene00017536,131,211
WBGene00045458,2,3
WBGene00023503,1,2
WBGene00008914,3,13
WBGene00008915,49,107
WBGene00008917,17,41
WBGene00185014,10,28
WBGene00017541,388,301
WBGene00008925,390,658
WBGene00017548,3245,1663
WBGene00008930,43,43
WBGene00008934,313,236
WBGene00008935,1,8
WBGene00017563,922,1546
WBGene00017560,19,31
WBGene00045276,14,6
WBGene00017569,23,34
WBGene00017570,1,1
WBGene00017574,27,37
WBGene00017582,82,160
WBGene00008939,21,31
WBGene00008940,276,424
WBGene00017583,63,48
WBGene00017584,78,41
WBGene00008944,5492,10153
WBGene00017591,498,1002
WBGene00017592,23,97
WBGene00017593,9,12
WBGene00017608,638,358
WBGene00195186,6,6
WBGene00008963,60,131
WBGene00017613,63,172
WBGene00017621,44,102
WBGene00017632,1,2
WBGene00008971,50,60
WBGene00008973,90,66
WBGene00008975,1446,1323
WBGene00017642,1740,1090
WBGene00017636,7,61
WBGene00017637,5,12
WBGene00008986,86,96
WBGene00017646,459,275
WBGene00017647,14,119
WBGene00008993,1,7
WBGene00017659,808,1834
WBGene00017658,24,24
WBGene00017663,10,15
WBGene00009006,1982,858
WBGene00009008,45,51
WBGene00009009,71,55
WBGene00009010,378,182
WBGene00009011,716,407
WBGene00009012,1754,1128
WBGene00017675,1499,1524
WBGene00017676,89,76
WBGene00009023,24,36
WBGene00044287,1,3
WBGene00009031,25,353
WBGene00009045,596,476
WBGene00009042,2,9
WBGene00009043,22,97
WBGene00009044,11,25
WBGene00017698,70,82
WBGene00009049,54,104
WBGene00009056,7,17
WBGene00009050,1741,1617
WBGene00043279,28,13
WBGene00009054,200,167
WBGene00017711,9,17
WBGene00017708,104,60
WBGene00017715,1,2
WBGene00017717,52,91
WBGene00009064,606,369
WBGene00017727,214,312
WBGene00009067,4,2
WBGene00009084,2415,1307
WBGene00017741,1,1
WBGene00017732,3,1
WBGene00017734,950,1105
WBGene00017737,51,119
WBGene00194674,93,257
WBGene00009091,19,60
WBGene00017750,108,71
WBGene00017743,1,4
WBGene00017745,25,35
WBGene00017746,515,326
WBGene00017756,15,33
WBGene00017751,6,5
WBGene00000263,1096,1284
WBGene00017762,9,29
WBGene00009101,26,58
WBGene00009102,44,57
WBGene00017767,219,133
WBGene00017770,448,305
WBGene00009110,3,1
WBGene00017781,8,27
WBGene00017786,23,50
WBGene00017799,874,537
WBGene00009118,660,399
WBGene00009120,1224,766
WBGene00009130,72,118
WBGene00009132,886,428
WBGene00009138,262,130
WBGene00009139,40,30
WBGene00017801,1081,635
WBGene00017807,1,4
WBGene00009140,199,184
WBGene00009142,33,79
WBGene00009143,11,107
WBGene00009145,526,306
WBGene00194703,27,370
WBGene00045392,15,29
WBGene00009157,5,14
WBGene00009158,55,49
WBGene00009159,1107,736
WBGene00009160,4,45
WBGene00017833,2,11
WBGene00044544,1,2
WBGene00009172,641,356
WBGene00023504,1,4
WBGene00017831,223,131
WBGene00005012,18,83
WBGene00017827,513,302
WBGene00017828,508,281
WBGene00005011,181,158
WBGene00044662,1,1
WBGene00009174,1025,594
WBGene00009177,718,479
WBGene00017850,5,8
WBGene00017848,16,12
WBGene00017851,45,531
WBGene00017853,2,35
WBGene00017854,9,12
WBGene00017855,1010,597
WBGene00009187,1278,1229
WBGene00077543,68,47
WBGene00017861,16,17
WBGene00044035,2,2
WBGene00206354,2,2
WBGene00017880,4,11
WBGene00017894,2,10
WBGene00206371,1,3
WBGene00017889,142,113
WBGene00017887,116,92
WBGene00017893,1,5
WBGene00009209,1,7
WBGene00009205,54,36
WBGene00009207,215,145
WBGene00009220,188,95
WBGene00017905,27,21
WBGene00017908,128,175
WBGene00009237,130,393
WBGene00017916,146,68
WBGene00017919,138,115
WBGene00017925,1076,1222
WBGene00017921,60,76
WBGene00017922,3,50
WBGene00017930,144,74
WBGene00009269,4,67
WBGene00045473,25,58
WBGene00009262,749,377
WBGene00009266,220,183
WBGene00017934,235,175
WBGene00009280,64,54
WBGene00009293,8,23
WBGene00009294,111,173
WBGene00017945,17,25
WBGene00009299,22,10
WBGene00009307,458,314
WBGene00009308,35,356
WBGene00017969,448,637
WBGene00009305,928,504
WBGene00009313,15,144
WBGene00009320,375,208
WBGene00009321,7,92
WBGene00017984,2904,1963
WBGene00017986,787,396
WBGene00043302,2,3
WBGene00009335,34,12
WBGene00009336,721,412
WBGene00009329,286,144
WBGene00017992,466,324
WBGene00043068,83,46
WBGene00009344,35,274
WBGene00009347,45,59
WBGene00009352,888,456
WBGene00009355,4,3
WBGene00009358,16,49
WBGene00018007,1221,769
WBGene00018001,8,68
WBGene00017996,531,375
WBGene00018011,941,557
WBGene00009360,2,1
WBGene00009361,30,17
WBGene00018014,182,118
WBGene00018015,518,320
WBGene00044666,134,72
WBGene00009364,1435,724
WBGene00045457,23,5
WBGene00009367,344,209
WBGene00009369,401,241
WBGene00009373,5,6
WBGene00009377,3,21
WBGene00009380,50,36
WBGene00018025,9,24
WBGene00018026,3,2
WBGene00009389,3,7
WBGene00009383,92,224
WBGene00009388,36,114
WBGene00018031,10,2
WBGene00009404,851,440
WBGene00009405,34,79
WBGene00009406,4,5
WBGene00009390,1,12
WBGene00009400,12,10
WBGene00018036,229,392
WBGene00018043,2,1
WBGene00018044,134,179
WBGene00018045,48,50
WBGene00018041,10,5
WBGene00009430,260,732
WBGene00018056,7,23
WBGene00009445,761,508
WBGene00009442,285,147
WBGene00009443,76,42
WBGene00018073,129,226
WBGene00018071,169,128
WBGene00009447,7,4
WBGene00009457,15,193
WBGene00009458,2,42
WBGene00009459,6,53
WBGene00009452,596,363
WBGene00009453,273,387
WBGene00009454,3715,4861
WBGene00009466,3,1
WBGene00009469,162,93
WBGene00009470,5,148
WBGene00018098,2,7
WBGene00009480,1,6
WBGene00009482,81,127
WBGene00009483,13,37
WBGene00018118,165,115
WBGene00018120,5,25
WBGene00018131,1767,1007
WBGene00018132,702,376
WBGene00009505,371,252
WBGene00018149,734,537
WBGene00018153,14,10
WBGene00044005,9,94
WBGene00018151,490,460
WBGene00009514,991,2176
WBGene00018163,2,40
WBGene00009528,1,2
WBGene00086569,54,86
WBGene00194663,10,27
WBGene00009536,1,3
WBGene00018178,12,72
WBGene00009550,2,46
WBGene00009554,279,214
WBGene00009556,174,128
WBGene00018204,2,2
WBGene00009565,426,306
WBGene00018212,62,31
WBGene00018214,97,218
WBGene00009563,411,276
WBGene00018216,25,40
WBGene00018217,67,153
WBGene00018219,2,1
WBGene00018221,124,247
WBGene00009573,3,9
WBGene00009574,615,919
WBGene00018232,10,79
WBGene00009588,286,300
WBGene00018238,137,133
WBGene00009575,423,244
WBGene00044916,1374,791
WBGene00044917,1,1
WBGene00009577,34,90
WBGene00009578,732,1411
WBGene00009581,15,126
WBGene00185078,158,95
WBGene00018241,10,9
WBGene00018250,6,24
WBGene00018253,2,42
WBGene00018257,144,225
WBGene00018259,39,42
WBGene00018275,7,27
WBGene00018268,55,98
WBGene00018271,4754,10488
WBGene00018293,16,11
WBGene00044554,15,44
WBGene00009618,13,32
WBGene00018297,61,34
WBGene00018303,149,502
WBGene00018301,6,44
WBGene00018302,620,276
WBGene00018311,10,33
WBGene00018317,597,411
WBGene00018341,1868,969
WBGene00018342,193,404
WBGene00018343,69,280
WBGene00023489,84,119
WBGene00009626,30,91
WBGene00018332,1,31
WBGene00018335,108,35
WBGene00018337,76,36
WBGene00018349,223,396
WBGene00009636,14,42
WBGene00009641,15,188
WBGene00009644,83,68
WBGene00018370,35,27
WBGene00009649,8,16
WBGene00023423,2,1
WBGene00018384,24,56
WBGene00018386,111,61
WBGene00018376,51,153
WBGene00044191,55,158
WBGene00018390,284,282
WBGene00009657,14,26
WBGene00009659,40,28
WBGene00009660,32,60
WBGene00009673,164,112
WBGene00009667,494,310
WBGene00018399,264,131
WBGene00018400,12,27
WBGene00018403,8,8
WBGene00009676,12,31
WBGene00009677,13,14
WBGene00018411,2,1
WBGene00018407,119,239
WBGene00018408,353,271
WBGene00009679,48,75
WBGene00018421,1305,631
WBGene00018422,68,39
WBGene00009688,615,915
WBGene00018431,187,116
WBGene00009704,1,12
WBGene00009711,1247,792
WBGene00009712,708,714
WBGene00009713,72,48
WBGene00009722,10,18
WBGene00009723,24,94
WBGene00018462,3,5
WBGene00018476,1,1
WBGene00018470,3,2
WBGene00018482,2180,1162
WBGene00009736,249,181
WBGene00009733,84,54
WBGene00009734,142,95
WBGene00009735,29,28
WBGene00009739,357,436
WBGene00009740,577,531
WBGene00009754,9,184
WBGene00009755,4,50
WBGene00009776,186,151
WBGene00045253,1,9
WBGene00009778,1,2
WBGene00009785,4,6
WBGene00009779,2,1
WBGene00009780,1,1
WBGene00009784,1278,849
WBGene00018484,2,2
WBGene00018485,30,52
WBGene00018489,2,1
WBGene00018513,208,114
WBGene00018510,139,92
WBGene00018511,660,408
WBGene00009787,90,265
WBGene00009797,16,39
WBGene00009798,20,12
WBGene00018515,3,2
WBGene00023460,1,1
WBGene00009816,15,22
WBGene00009820,59,63
WBGene00018532,71,171
WBGene00009811,5,18
WBGene00009804,16,43
WBGene00009809,11,46
WBGene00018562,12,11
WBGene00009825,93,34
WBGene00018580,2,75
WBGene00009829,999,725
WBGene00018585,431,273
WBGene00018598,402,269
WBGene00018599,786,555
WBGene00018605,1143,1451
WBGene00018606,4,2
WBGene00018610,711,636
WBGene00009851,104,138
WBGene00009879,19,20
WBGene00009880,332,262
WBGene00009881,550,636
WBGene00009883,19,40
WBGene00009876,11,21
WBGene00009878,1877,1138
WBGene00018637,43,29
WBGene00018645,3,5
WBGene00018647,6,33
WBGene00044753,3,7
WBGene00009915,524,434
WBGene00009927,3,1
WBGene00009921,889,464
WBGene00009923,103,64
WBGene00018678,484,290
WBGene00018679,214,132
WBGene00018659,169,127
WBGene00018660,37,28
WBGene00018674,465,344
WBGene00009930,138,74
WBGene00018689,97,38
WBGene00044696,443,389
WBGene00018697,6,6
WBGene00009938,10,84
WBGene00018715,9,14
WBGene00018717,69,41
WBGene00009948,21,216
WBGene00018720,5,3
WBGene00018723,43,20
WBGene00018724,27,29
WBGene00018729,21,24
WBGene00018730,12,9
WBGene00018731,15,22
WBGene00018735,185,86
WBGene00018737,5,4
WBGene00009957,338,167
WBGene00018744,58,229
WBGene00009962,13,64
WBGene00009971,61,38
WBGene00009973,311,450
WBGene00044921,15,48
WBGene00018748,1,3
WBGene00018758,88,68
WBGene00018762,336,224
WBGene00009980,523,353
WBGene00009981,100,65
WBGene00009982,101,259
WBGene00009984,2,4
WBGene00018763,14,16
WBGene00009992,1959,1999
WBGene00009993,1675,1105
WBGene00009994,374,223
WBGene00009995,98,312
WBGene00009996,1140,692
WBGene00023419,76,56
WBGene00045195,1,1
WBGene00010000,283,175
WBGene00010001,10,18
WBGene00018772,4,4
WBGene00018777,488,297
WBGene00010007,499,371
WBGene00018784,269,315
WBGene00018785,921,540
WBGene00018795,42,34
WBGene00010045,38,74
WBGene00010041,107,140
WBGene00010043,3,7
WBGene00010044,1523,1045
WBGene00010047,165,317
WBGene00018806,410,211
WBGene00018808,152,106
WBGene00010055,1327,1529
WBGene00010048,523,365
WBGene00010049,706,1309
WBGene00010050,212,150
WBGene00010052,1062,935
WBGene00010053,1035,819
WBGene00018802,1101,678
WBGene00018823,633,427
WBGene00010059,12,31
WBGene00018831,137,72
WBGene00018835,81,53
WBGene00018836,344,210
WBGene00010064,97,185
WBGene00010065,198,222
WBGene00045251,4,3
WBGene00018840,6,21
WBGene00010082,12,98
WBGene00010080,838,475
WBGene00010081,261,169
WBGene00018848,256,182
WBGene00018856,23,28
WBGene00010084,1076,2100
WBGene00010085,661,1860
WBGene00010086,74,103
WBGene00010109,22,26
WBGene00018871,1,1
WBGene00018873,1,2
WBGene00010102,2,1
WBGene00010110,4,11
WBGene00010113,1437,897
WBGene00010114,1,41
WBGene00018891,678,423
WBGene00018902,580,309
WBGene00018904,259,140
WBGene00010123,9,2
WBGene00010124,22,16
WBGene00010128,5,2
WBGene00010133,26,24
WBGene00010135,23,38
WBGene00010136,9,100
WBGene00010132,796,448
WBGene00018925,515,326
WBGene00018926,12,124
WBGene00010140,474,313
WBGene00010141,322,206
WBGene00185001,33,25
WBGene00018937,2,1
WBGene00018946,3,2
WBGene00044977,1,3
WBGene00018954,295,194
WBGene00018948,1694,910
WBGene00018951,233,468
WBGene00018952,8,27
WBGene00010150,54,92
WBGene00044475,5,22
WBGene00018984,296,381
WBGene00010155,10,210
WBGene00018980,1,48
WBGene00010161,416,250
WBGene00010174,166,422
WBGene00010185,75,32
WBGene00019002,1443,995
WBGene00019003,414,372
WBGene00019005,222,165
WBGene00018996,124,98
WBGene00010196,96,219
WBGene00010197,489,385
WBGene00010204,3964,5274
WBGene00010221,73,163
WBGene00010214,1,2
WBGene00019021,4,2
WBGene00010224,3,2
WBGene00010227,292,139
WBGene00019022,11,12
WBGene00019024,2,40
WBGene00019026,7,119
WBGene00010231,800,691
WBGene00010232,1597,1207
WBGene00010238,86,188
WBGene00019029,2,7
WBGene00010243,4,2
WBGene00010246,8,118
WBGene00019044,6,3
WBGene00010254,10,231
WBGene00019061,1533,1641
WBGene00044756,12,25
WBGene00010265,12,133
WBGene00010274,34,24
WBGene00010277,60,43
WBGene00010288,11,9
WBGene00010289,16,190
WBGene00138720,91,67
WBGene00010291,1,1
WBGene00010305,53,36
WBGene00185086,499,266
WBGene00044665,43,79
WBGene00019084,3,60
WBGene00019090,10,4
WBGene00019097,288,472
WBGene00010321,4,4
WBGene00010315,2,8
WBGene00010308,485,341
WBGene00019102,170,206
WBGene00045272,67,125
WBGene00010328,4,2
WBGene00077764,6,26
WBGene00010326,1697,1704
WBGene00019111,10,16
WBGene00019118,2619,1502
WBGene00019119,1,1
WBGene00010337,339,420
WBGene00019128,4,8
WBGene00019153,206,102
WBGene00010368,15,22
WBGene00044483,396,233
WBGene00010373,3,77
WBGene00019196,658,308
WBGene00010407,124,82
WBGene00044310,167,91
WBGene00019236,1,4
WBGene00019244,354,190
WBGene00019248,10,55
WBGene00045261,438,97
WBGene00010422,8,5
WBGene00019261,582,1011
WBGene00019263,26,23
WBGene00019267,1,1
WBGene00010433,190,127
WBGene00019268,10,19
WBGene00019270,16,45
WBGene00019272,18,12
WBGene00010450,78,51
WBGene00019284,24,23
WBGene00019280,173,230
WBGene00010447,1,3
WBGene00010448,4,2
WBGene00010456,427,692
WBGene00010461,4,9
WBGene00010466,1,73
WBGene00010481,72,108
WBGene00010478,4184,2785
WBGene00010486,16,138
WBGene00044607,24,19
WBGene00019290,1,1
WBGene00010495,12,8
WBGene00010499,2,2
WBGene00010500,712,486
WBGene00044679,3,2
WBGene00010503,80,131
WBGene00019304,18,28
WBGene00019298,91,143
WBGene00019317,7,8
WBGene00019320,9,7
WBGene00010512,3,9
WBGene00010514,6,22
WBGene00010515,7,15
WBGene00010516,7,34
WBGene00185118,1,1
WBGene00010507,26,31
WBGene00019315,3,2
WBGene00019311,2,5
WBGene00019324,12,32
WBGene00019332,181,356
WBGene00019353,603,364
WBGene00019354,409,242
WBGene00010524,12,18
WBGene00010525,7,6
WBGene00010547,3,74
WBGene00010542,247,136
WBGene00010544,1,23
WBGene00019373,60,80
WBGene00010553,47,34
WBGene00010555,673,384
WBGene00019382,2,1
WBGene00044312,7,33
WBGene00019388,6,1
WBGene00019394,4,1
WBGene00019399,604,413
WBGene00010563,71,265
WBGene00010567,13,25
WBGene00019400,1240,702
WBGene00010579,489,349
WBGene00010582,1026,562
WBGene00010583,679,382
WBGene00019410,38,403
WBGene00010597,14,55
WBGene00019430,34,323
WBGene00019436,13,33
WBGene00077450,1,22
WBGene00044478,4,4
WBGene00010608,380,196
WBGene00010616,579,384
WBGene00010617,138,297
WBGene00010619,9,12
WBGene00044987,410,229
WBGene00010610,17,24
WBGene00010611,8,50
WBGene00010612,8,94
WBGene00010613,26,29
WBGene00010623,25,89
WBGene00019480,6,6
WBGene00010625,328,243
WBGene00010626,765,487
WBGene00010629,2793,1590
WBGene00010632,2,8
WBGene00019488,4,9
WBGene00019489,26,94
WBGene00019498,183,89
WBGene00010637,110,63
WBGene00010638,532,356
WBGene00010639,271,190
WBGene00010636,1,2
WBGene00019510,10586,7200
WBGene00044509,7,11
WBGene00019509,143,133
WBGene00019512,7,56
WBGene00019520,2,2
WBGene00019522,14,29
WBGene00023486,13,39
WBGene00010646,10,18
WBGene00010648,94,151
WBGene00010650,4,35
WBGene00010651,13,189
WBGene00019540,419,1686
WBGene00010660,150,140
WBGene00010666,99,87
WBGene00010667,85,67
WBGene00010670,445,285
WBGene00010678,909,498
WBGene00010679,10,126
WBGene00010687,1132,564
WBGene00194849,6,18
WBGene00019550,91,215
WBGene00019563,12,34
WBGene00019564,28,2
WBGene00019572,41,89
WBGene00010719,22,70
WBGene00010722,5,1
WBGene00010728,1,31
WBGene00019597,12,27
WBGene00019598,74,50
WBGene00045387,25,30
WBGene00019607,108,73
WBGene00019622,10,14
WBGene00045265,72,116
WBGene00010737,2,5
WBGene00019626,5,77
WBGene00010750,10,20
WBGene00019631,149,116
WBGene00019633,1,1
WBGene00010738,11,23
WBGene00010740,19,62
WBGene00010756,15,17
WBGene00010760,3,1
WBGene00019642,11,119
WBGene00044535,263,419
WBGene00019646,2,1
WBGene00019647,106,274
WBGene00019648,4,5
WBGene00019649,12,21
WBGene00010768,7,9
WBGene00010772,10,12
WBGene00010774,5,5
WBGene00019658,54,48
WBGene00019663,24,62
WBGene00010779,15,88
WBGene00010780,707,413
WBGene00019669,3,3
WBGene00023432,13,28
WBGene00019673,487,542
WBGene00044896,1,12
WBGene00045053,5,9
WBGene00019677,179,105
WBGene00019678,724,542
WBGene00019680,486,429
WBGene00019683,65,49
WBGene00019684,2,1
WBGene00019687,5,4
WBGene00019710,244,132
WBGene00019711,1233,634
WBGene00010805,133,77
WBGene00010807,617,383
WBGene00010809,443,437
WBGene00010815,1410,830
WBGene00010822,77,48
WBGene00019716,226,151
WBGene00010827,3,15
WBGene00010828,1295,786
WBGene00044690,22,13
WBGene00019732,19,47
WBGene00019746,4,4
WBGene00077490,1,2
WBGene00010833,17,26
WBGene00010838,4,8
WBGene00010843,82,65
WBGene00019759,4,4
WBGene00077770,20,33
WBGene00019771,962,547
WBGene00010871,5,100
WBGene00010872,112,144
WBGene00010874,40,212
WBGene00010875,1711,929
WBGene00010879,178,175
WBGene00044924,214,165
WBGene00077658,194,128
WBGene00010913,281,131
WBGene00019789,9,6
WBGene00010918,23,21
WBGene00044253,10,5
WBGene00010922,294,180
WBGene00043057,253,131
WBGene00019799,274,135
WBGene00010924,10,25
WBGene00010935,134,217
WBGene00010940,11,24
WBGene00010947,13,35
WBGene00010943,26,89
WBGene00010944,8,13
WBGene00010889,299,162
WBGene00010948,3,1
WBGene00010901,283,465
WBGene00010896,1284,875
WBGene00010887,27,30
WBGene00019786,519,345
WBGene00010902,106,102
WBGene00010906,21,83
WBGene00010907,5,12
WBGene00019805,23,38
WBGene00019808,283,169
WBGene00010969,3,1
WBGene00010972,12,22
WBGene00019812,1,9
WBGene00023414,2,2
WBGene00019814,1,4
WBGene00019818,28,64
WBGene00019822,1022,570
WBGene00019825,372,239
WBGene00010976,22,25
WBGene00010977,18,51
WBGene00010980,12,45
WBGene00050937,69,36
WBGene00044724,38,8
WBGene00019833,611,368
WBGene00019838,270,167
WBGene00019854,25,63
WBGene00019855,3,3
WBGene00019858,163,465
WBGene00019859,2,19
WBGene00019863,17,41
WBGene00019865,2,4
WBGene00195183,11,19
WBGene00019867,32,53
WBGene00011010,452,315
WBGene00011012,119,50
WBGene00019872,45,42
WBGene00011015,882,944
WBGene00011016,2322,1361
WBGene00011017,210,145
WBGene00011019,13,21
WBGene00011021,1,2
WBGene00011033,337,267
WBGene00011037,1467,848
WBGene00019877,1132,855
WBGene00019878,76,167
WBGene00011026,8,53
WBGene00019890,3773,4385
WBGene00019892,418,319
WBGene00019902,61,144
WBGene00019898,666,433
WBGene00011038,1541,726
WBGene00011039,249,360
WBGene00011040,328,291
WBGene00019909,3,6
WBGene00019911,9,10
WBGene00011059,111,243
WBGene00011060,55,61
WBGene00011062,165,81
WBGene00011065,26,24
WBGene00011082,1,9
WBGene00011092,60,59
WBGene00019932,11,33
WBGene00011108,11,23
WBGene00019937,63,89
WBGene00011120,7,126
WBGene00011112,4,18
WBGene00011114,13,120
WBGene00011115,792,513
WBGene00019944,41,111
WBGene00011131,126,69
WBGene00011128,3184,3210
WBGene00011132,3,73
WBGene00011139,34,21
WBGene00019951,7,99
WBGene00011142,1518,925
WBGene00019963,46,79
WBGene00019968,7,7
WBGene00011154,9,15
WBGene00011171,11,144
WBGene00194658,68,6
WBGene00011172,9,420
WBGene00011176,109,894
WBGene00044514,27,50
WBGene00019986,105,114
WBGene00019987,177,108
WBGene00019989,1297,563
WBGene00019991,1,3
WBGene00011297,3,56
WBGene00011289,42,105
WBGene00011293,3,5
WBGene00011298,186,211
WBGene00011185,29,28
WBGene00011221,64,43
WBGene00011198,180,164
WBGene00011203,18,157
WBGene00011205,52,84
WBGene00011214,45,386
WBGene00019998,35,52
WBGene00011222,210,294
WBGene00011224,22,12
WBGene00020089,315,198
WBGene00011231,2278,3650
WBGene00011234,29,71
WBGene00020007,496,417
WBGene00020009,51,77
WBGene00044725,7,1
WBGene00011252,45,88
WBGene00011253,850,451
WBGene00020017,1,3
WBGene00020018,47,23
WBGene00020019,1,36
WBGene00020025,307,175
WBGene00020027,328,156
WBGene00020036,814,735
WBGene00020038,465,380
WBGene00020039,1,2
WBGene00020040,2,3
WBGene00020034,3,3
WBGene00044504,2,1
WBGene00020043,5,10
WBGene00020050,129,69
WBGene00020054,26,36
WBGene00011263,19,26
WBGene00020098,258,174
WBGene00020099,119,61
WBGene00043060,164,124
WBGene00044648,124,91
WBGene00020093,157,66
WBGene00020096,177,147
WBGene00020105,8,102
WBGene00020113,225,175
WBGene00020109,399,284
WBGene00011302,1172,779
WBGene00011305,7,9
WBGene00011306,530,327
WBGene00011309,72,71
WBGene00011273,3099,3013
WBGene00011274,300,383
WBGene00011281,648,400
WBGene00011310,17,17
WBGene00011317,1,4
WBGene00011319,234,111
WBGene00011320,734,400
WBGene00020143,10,24
WBGene00020148,14,27
WBGene00020149,52,115
WBGene00044025,136,155
WBGene00011349,1201,893
WBGene00011351,5,40
WBGene00011353,31,25
WBGene00020156,2,5
WBGene00044776,5,10
WBGene00011366,16,7
WBGene00011374,100,150
WBGene00011375,834,529
WBGene00011379,14,142
WBGene00011383,1,5
WBGene00020166,1301,1094
WBGene00020181,1056,1158
WBGene00020183,107,56
WBGene00011397,6,23
WBGene00020192,7,19
WBGene00020193,259,148
WBGene00185005,1,2
WBGene00011399,785,570
WBGene00011400,4,9
WBGene00011401,6,126
WBGene00020199,137,88
WBGene00011414,20,118
WBGene00011410,1688,940
WBGene00011431,293,168
WBGene00011434,323,175
WBGene00011435,54,40
WBGene00011439,17,24
WBGene00011441,151,106
WBGene00020215,39,103
WBGene00020218,729,934
WBGene00011449,2311,1532
WBGene00011451,356,210
WBGene00011463,2,7
WBGene00020234,1468,1192
WBGene00020229,92,88
WBGene00020245,121,280
WBGene00194894,1,14
WBGene00011464,1958,932
WBGene00020248,2,2
WBGene00011475,1,7
WBGene00011476,11,10
WBGene00011486,4,14
WBGene00020260,8,21
WBGene00011489,2816,1319
WBGene00011490,672,418
WBGene00011491,17,158
WBGene00011493,15,131
WBGene00011498,67,117
WBGene00011499,13,8
WBGene00020273,467,269
WBGene00020274,472,227
WBGene00077558,4,2
WBGene00011529,547,369
WBGene00011538,484,407
WBGene00011551,2,1
WBGene00020298,639,326
WBGene00045249,79,51
WBGene00044891,106,79
WBGene00020301,71,108
WBGene00020307,3,10
WBGene00045407,378,235
WBGene00011589,583,308
WBGene00011592,2,3
WBGene00020324,1,9
WBGene00020320,1202,664
WBGene00020349,99,131
WBGene00044684,5,69
WBGene00020369,697,1550
WBGene00020374,112,118
WBGene00011641,55,60
WBGene00011634,291,192
WBGene00020376,562,342
WBGene00020378,8,23
WBGene00020380,1,2
WBGene00020381,11,43
WBGene00020382,109,264
WBGene00011642,250,145
WBGene00011662,921,821
WBGene00011663,151,104
WBGene00011669,4,55
WBGene00011680,268,208
WBGene00020401,14,35
WBGene00020402,598,377
WBGene00020396,7,5
WBGene00020389,636,432
WBGene00020390,17,15
WBGene00020393,147,225
WBGene00020411,484,266
WBGene00020418,5,8
WBGene00020422,622,392
WBGene00044604,181,112
WBGene00011692,2,6
WBGene00020426,16,60
WBGene00011706,39,22
WBGene00011708,11,17
WBGene00020433,158,82
WBGene00044499,52,35
WBGene00011712,1,4
WBGene00011719,37,43
WBGene00020438,8,4
WBGene00020445,20,31
WBGene00050914,44,114
WBGene00023450,45,40
WBGene00011733,35,108
WBGene00020467,424,270
WBGene00011741,1096,586
WBGene00020476,10,22
WBGene00020478,1,6
WBGene00020484,1,2
WBGene00020486,49,36
WBGene00011743,787,488
WBGene00011753,1064,1420
WBGene00044205,7,103
WBGene00020491,17,26
WBGene00011758,1501,938
WBGene00011761,955,556
WBGene00011763,2,8
WBGene00020500,541,273
WBGene00020502,15,8
WBGene00020508,118,58
WBGene00011777,58,102
WBGene00020516,313,566
WBGene00011793,14,30
WBGene00011795,16,280
WBGene00011800,22,39
WBGene00011826,1,4
WBGene00011831,57,120
WBGene00020557,274,257
WBGene00020558,1102,639
WBGene00020561,1,1
WBGene00011844,3,7
WBGene00020581,292,587
WBGene00020583,2,2
WBGene00004184,32,52
WBGene00020568,3,9
WBGene00020574,2,4
WBGene00044500,19,43
WBGene00044282,4,4
WBGene00020588,1859,1107
WBGene00020589,30,68
WBGene00045414,1,3
WBGene00020601,797,557
WBGene00020604,1546,1063
WBGene00011850,15,15
WBGene00011854,1,2
WBGene00011856,762,1518
WBGene00011859,54,64
WBGene00011860,467,328
WBGene00020618,1,3
WBGene00020626,3,2
WBGene00020627,19,161
WBGene00020629,444,315
WBGene00011870,44,96
WBGene00011871,258,210
WBGene00020636,1028,859
WBGene00011886,1145,682
WBGene00043054,2,1
WBGene00011880,260,618
WBGene00043998,9,22
WBGene00011898,1028,540
WBGene00011895,2,2
WBGene00020651,11,24
WBGene00020658,591,912
WBGene00020672,266,185
WBGene00020673,48,42
WBGene00020674,54,340
WBGene00011912,1046,557
WBGene00011920,166,89
WBGene00011914,628,375
WBGene00011916,489,263
WBGene00011917,678,439
WBGene00011919,3,38
WBGene00011927,7,6
WBGene00020684,1706,839
WBGene00020705,474,311
WBGene00044553,10,32
WBGene00020721,931,660
WBGene00020710,70,165
WBGene00020713,59,668
WBGene00020714,12,9
WBGene00044298,5,54
WBGene00020726,37,23
WBGene00011944,1207,801
WBGene00011954,6,75
WBGene00011957,12,5
WBGene00020736,11,38
WBGene00020738,251,203
WBGene00020740,48,34
WBGene00011949,4,18
WBGene00011951,11,170
WBGene00011968,15,234
WBGene00077728,6,12
WBGene00011969,419,296
WBGene00011966,1134,932
WBGene00020744,60,47
WBGene00020756,37,54
WBGene00011975,648,400
WBGene00011976,740,477
WBGene00011984,42,126
WBGene00011985,1226,686
WBGene00011986,1448,824
WBGene00020771,63,34
WBGene00020779,1524,944
WBGene00012002,773,445
WBGene00020781,2807,2113
WBGene00020782,132,82
WBGene00012014,181,125
WBGene00012015,1901,1784
WBGene00020799,124,130
WBGene00020801,18,58
WBGene00020797,33,88
WBGene00012021,25,13
WBGene00020806,14,40
WBGene00020811,17,18
WBGene00012029,233,132
WBGene00012030,2770,1496
WBGene00012031,1997,1596
WBGene00020822,536,304
WBGene00020823,182,108
WBGene00020824,1317,769
WBGene00020826,1,2
WBGene00020831,797,576
WBGene00012032,1,6
WBGene00012034,12,18
WBGene00012035,3,2
WBGene00012037,504,337
WBGene00012058,2,1
WBGene00012059,931,611
WBGene00020834,49,80
WBGene00020846,71,183
WBGene00020843,590,378
WBGene00012074,29,9
WBGene00077519,5,53
WBGene00020854,30,76
WBGene00020861,11,47
WBGene00020865,1,9
WBGene00012087,23,293
WBGene00012094,155,177
WBGene00077508,1,2
WBGene00012105,220,157
WBGene00012106,153,105
WBGene00012107,29,32
WBGene00194986,296,176
WBGene00020879,10,20
WBGene00020881,8,11
WBGene00020870,2,1
WBGene00012109,631,351
WBGene00012111,181,126
WBGene00012117,1651,1316
WBGene00012113,176,336
WBGene00044122,1,78
WBGene00012122,22,47
WBGene00012123,3,7
WBGene00012126,1308,749
WBGene00020894,618,649
WBGene00020901,103,94
WBGene00012136,107,84
WBGene00012139,447,693
WBGene00012140,3016,4461
WBGene00012142,52,36
WBGene00012143,8,15
WBGene00012144,309,363
WBGene00020905,6,76
WBGene00012149,497,573
WBGene00012155,2,4
WBGene00020909,944,1224
WBGene00020912,6,7
WBGene00012164,163,83
WBGene00012168,1,7
WBGene00044988,80,60
WBGene00012175,1,4
WBGene00012179,2667,2419
WBGene00012180,72,115
WBGene00012185,157,223
WBGene00012188,417,214
WBGene00012192,201,165
WBGene00012201,47,61
WBGene00012205,650,382
WBGene00012206,958,536
WBGene00020937,60,45
WBGene00020933,854,494
WBGene00020940,11,51
WBGene00020941,44,39
WBGene00020942,388,196
WBGene00012216,285,558
WBGene00012212,129,272
WBGene00012213,363,831
WBGene00020947,25,17
WBGene00020954,51,251
WBGene00020973,2,15
WBGene00012219,15,51
WBGene00012221,72,53
WBGene00012223,2,15
WBGene00020990,31,427
WBGene00021008,3,3
WBGene00020993,365,215
WBGene00020994,470,285
WBGene00012224,3,14
WBGene00012225,79,187
WBGene00012239,4,7
WBGene00012240,14,11
WBGene00021022,386,256
WBGene00021024,345,368
WBGene00021026,480,297
WBGene00012243,1585,800
WBGene00012247,21,8
WBGene00012249,2,38
WBGene00012252,32,63
WBGene00044153,5,4
WBGene00012279,2,19
WBGene00021035,4436,2415
WBGene00021038,1081,674
WBGene00012289,6,16
WBGene00021044,28,35
WBGene00021048,916,1683
WBGene00021050,163,389
WBGene00012291,185,360
WBGene00012300,3,4
WBGene00012325,5,3
WBGene00021072,1,3
WBGene00021074,305,225
WBGene00021079,15,41
WBGene00021080,3,9
WBGene00021088,8790,4604
WBGene00012343,602,502
WBGene00012345,9,55
WBGene00021101,43,74
WBGene00021093,1468,920
WBGene00021114,32,97
WBGene00012351,1237,1008
WBGene00194660,1,2
WBGene00012359,881,621
WBGene00012362,446,390
WBGene00012358,134,268
WBGene00021121,11,43
WBGene00012371,21,17
WBGene00021128,608,1959
WBGene00044433,4,5
WBGene00185079,119,95
WBGene00021148,16,43
WBGene00021135,5,6
WBGene00022415,5,6
WBGene00022416,17,13
WBGene00022417,1,2
WBGene00022419,31,20
WBGene00022426,468,321
WBGene00022428,98,56
WBGene00194913,9,9
WBGene00013654,426,459
WBGene00013657,3,34
WBGene00013658,134,106
WBGene00013647,314,453
WBGene00013650,19,28
WBGene00013671,112,96
WBGene00013682,796,572
WBGene00013684,8,78
WBGene00013692,19,18
WBGene00013694,250,146
WBGene00013696,2,83
WBGene00013702,15,9
WBGene00013704,73,115
WBGene00013710,13,59
WBGene00013713,25,331
WBGene00013716,6,11
WBGene00013723,18,149
WBGene00013724,231,160
WBGene00013726,159,103
WBGene00013719,711,347
WBGene00013720,147,86
WBGene00022439,2,1
WBGene00022445,5,21
WBGene00022452,616,387
WBGene00045212,37,55
WBGene00022457,125,147
WBGene00013727,256,185
WBGene00013728,370,224
WBGene00013791,3,8
WBGene00013784,11,18
WBGene00189943,3,6
WBGene00022466,605,373
WBGene00022490,28,62
WBGene00022491,491,260
WBGene00022497,455,816
WBGene00012434,173,149
WBGene00012429,1,3
WBGene00012439,34,48
WBGene00021190,2,3
WBGene00021192,1192,752
WBGene00012443,19,26
WBGene00012444,158,113
WBGene00012452,13,46
WBGene00012465,198,150
WBGene00012468,624,932
WBGene00012472,409,365
WBGene00012459,164,110
WBGene00012462,83,42
WBGene00021195,1,2
WBGene00021202,626,414
WBGene00021205,116,71
WBGene00012481,1677,773
WBGene00012479,137,96
WBGene00021215,8,21
WBGene00021208,245,169
WBGene00021210,141,127
WBGene00021213,2,1
WBGene00021248,565,384
WBGene00021253,56,79
WBGene00021246,118,86
WBGene00021263,55,181
WBGene00021269,110,47
WBGene00021272,1,4
WBGene00021274,4,5
WBGene00021277,1369,801
WBGene00021296,140,160
WBGene00021293,3,6
WBGene00012513,17,14
WBGene00012514,45,146
WBGene00086568,2,5
WBGene00012529,30,54
WBGene00021314,48,20
WBGene00021321,6,27
WBGene00021322,395,694
WBGene00021323,113,98
WBGene00021325,220,363
WBGene00021339,1,7
WBGene00021340,91,93
WBGene00012536,13,6
WBGene00012554,41,66
WBGene00012557,281,661
WBGene00012544,1538,2933
WBGene00012560,56,47
WBGene00012545,1,12
WBGene00012548,36,68
WBGene00021358,6,40
WBGene00021366,183,132
WBGene00021367,56,43
WBGene00021375,5,10
WBGene00021377,379,232
WBGene00021378,63,45
WBGene00021379,1,3
WBGene00021382,106,270
WBGene00012562,506,329
WBGene00045416,6,51
WBGene00014871,12,15
WBGene00021398,31,238
WBGene00021400,7,6
WBGene00012592,24,51
WBGene00012595,39,381
WBGene00012600,3751,3718
WBGene00012602,91,128
WBGene00012605,12,130
WBGene00012606,60,53
WBGene00012610,3,7
WBGene00021421,299,209
WBGene00021427,160,131
WBGene00012628,10,4
WBGene00012631,2,10
WBGene00012634,23,12
WBGene00012635,3,3
WBGene00012637,10,209
WBGene00012638,7,107
WBGene00012652,242,169
WBGene00012656,1,6
WBGene00012657,22,12
WBGene00012660,99,98
WBGene00012643,282,161
WBGene00021440,619,339
WBGene00012664,3964,9037
WBGene00012672,139,85
WBGene00012675,205,124
WBGene00012692,1030,892
WBGene00012693,74,54
WBGene00012700,266,219
WBGene00012720,5,29
WBGene00012721,4,20
WBGene00012717,19,53
WBGene00206368,1,5
WBGene00021458,1,1
WBGene00021472,5,64
WBGene00012723,78,44
WBGene00012728,3,5
WBGene00021478,6,5
WBGene00021485,1,1
WBGene00021493,51,52
WBGene00012739,373,266
WBGene00012747,264,602
WBGene00012761,1,22
WBGene00012754,3,24
WBGene00021507,1276,841
WBGene00021508,306,195
WBGene00021514,1078,629
WBGene00021516,5,1
WBGene00021519,4,9
WBGene00021520,1,1
WBGene00045146,4,3
WBGene00012766,52,31
WBGene00012780,25,19
WBGene00021531,9,6
WBGene00021532,11,28
WBGene00021541,858,496
WBGene00021543,108,144
WBGene00012782,353,802
WBGene00012783,8,5
WBGene00012794,42,86
WBGene00012807,273,150
WBGene00012804,389,247
WBGene00012809,22,297
WBGene00012819,7,5
WBGene00012834,96,143
WBGene00012827,9,54
WBGene00012829,307,238
WBGene00012831,2,61
WBGene00021545,862,628
WBGene00012850,29,18
WBGene00012851,7,4
WBGene00012853,1,3
WBGene00012854,33,79
WBGene00012858,260,149
WBGene00012878,11,2
WBGene00012880,112,219
WBGene00012892,1,6
WBGene00044257,1,3
WBGene00012883,1,4
WBGene00012885,352,324
WBGene00012861,8,14
WBGene00021558,12,20
WBGene00021559,687,410
WBGene00021589,2,4
WBGene00012905,1,27
WBGene00012906,26,48
WBGene00012919,11,13
WBGene00012899,8,5
WBGene00012900,27,13
WBGene00012926,15,107
WBGene00012927,113,65
WBGene00012932,369,230
WBGene00012937,11,85
WBGene00012924,3,18
WBGene00012941,12,4
WBGene00012942,22,57
WBGene00021630,1,4
WBGene00021632,3,36
WBGene00021640,289,179
WBGene00021641,47,11
WBGene00021644,449,323
WBGene00021646,82,84
WBGene00021647,347,469
WBGene00021649,656,325
WBGene00021633,15,61
WBGene00045399,203,306
WBGene00021654,25,12
WBGene00012955,2,1
WBGene00012951,491,265
WBGene00021655,371,218
WBGene00044466,58,41
WBGene00012964,527,383
WBGene00012968,30,24
WBGene00012970,6,9
WBGene00012977,798,451
WBGene00012978,1044,602
WBGene00013007,2,4
WBGene00013015,389,219
WBGene00013018,497,297
WBGene00013019,464,241
WBGene00013020,356,328
WBGene00013023,6,7
WBGene00021658,290,185
WBGene00021679,36,26
WBGene00021682,96,72
WBGene00021690,2,2
WBGene00021691,379,629
WBGene00021692,39,26
WBGene00021687,77,54
WBGene00044949,50,35
WBGene00013026,472,329
WBGene00013035,242,473
WBGene00013037,52,99
WBGene00013030,406,239
WBGene00021715,184,100
WBGene00021730,110,73
WBGene00021732,236,120
WBGene00021153,562,308
WBGene00021161,42,122
WBGene00021739,17,9
WBGene00021745,2,5
WBGene00021750,166,100
WBGene00021758,143,71
WBGene00013048,3,6
WBGene00044210,12,10
WBGene00013087,3,35
WBGene00013089,1,3
WBGene00013091,5,3
WBGene00021763,2464,1149
WBGene00021768,378,420
WBGene00013103,99,169
WBGene00013104,10,15
WBGene00194647,2,9
WBGene00021779,148,383
WBGene00021791,37,85
WBGene00021781,390,170
WBGene00021785,166,101
WBGene00013127,389,258
WBGene00021795,130,78
WBGene00021796,2,4
WBGene00013136,87,255
WBGene00175030,331,175
WBGene00194906,153,52
WBGene00013139,330,202
WBGene00013141,51,24
WBGene00013142,1,12
WBGene00013146,2,3
WBGene00013161,83,66
WBGene00013169,1,3
WBGene00021800,1530,1421
WBGene00021812,245,155
WBGene00021813,625,368
WBGene00021815,224,175
WBGene00021817,30,41
WBGene00021818,62,62
WBGene00013181,281,675
WBGene00021830,493,308
WBGene00021832,1239,750
WBGene00021835,50,118
WBGene00021828,1002,524
WBGene00021841,380,235
WBGene00021843,1000,859
WBGene00013195,12,12
WBGene00013193,485,362
WBGene00013200,300,201
WBGene00021853,307,167
WBGene00021849,495,428
WBGene00021850,2,5
WBGene00021852,247,404
WBGene00021855,332,258
WBGene00021866,11,17
WBGene00021867,23,23
WBGene00013219,246,199
WBGene00185067,293,247
WBGene00013213,427,242
WBGene00013216,61,79
WBGene00013218,131,97
WBGene00021883,770,847
WBGene00021884,65,28
WBGene00021894,6,30
WBGene00021898,148,100
WBGene00044485,1,5
WBGene00044488,43,32
WBGene00045397,4,11
WBGene00013210,413,247
WBGene00013211,9,15
WBGene00021899,1655,876
WBGene00021900,307,223
WBGene00021908,3,93
WBGene00021909,68,132
WBGene00021930,923,669
WBGene00021923,113,81
WBGene00021926,653,554
WBGene00021943,237,206
WBGene00013236,250,205
WBGene00013237,621,652
WBGene00013239,396,238
WBGene00013242,78,125
WBGene00013243,223,189
WBGene00013256,1557,847
WBGene00013257,1,2
WBGene00013247,172,87
WBGene00013266,78,100
WBGene00013267,226,178
WBGene00013269,180,95
WBGene00013248,125,73
WBGene00013253,362,212
WBGene00013278,4,7
WBGene00013280,2,1
WBGene00021959,1085,658
WBGene00021960,346,240
WBGene00044612,10,6
WBGene00013292,8,10
WBGene00013297,753,2297
WBGene00194649,29,28
WBGene00013321,10,10
WBGene00013323,172,122
WBGene00013325,189,274
WBGene00013327,6,18
WBGene00013329,16,33
WBGene00013332,293,156
WBGene00013335,14,20
WBGene00044258,237,162
WBGene00044741,2,6
WBGene00013306,82,80
WBGene00021965,4,5
WBGene00021974,1,1
WBGene00013349,251,160
WBGene00013345,300,213
WBGene00021984,84,159
WBGene00021996,60,523
WBGene00012385,897,535
WBGene00013360,794,610
WBGene00022021,1287,815
WBGene00013373,372,219
WBGene00044745,69,24
WBGene00013376,402,222
WBGene00077453,423,270
WBGene00013387,13,17
WBGene00013391,913,980
WBGene00013392,1141,1033
WBGene00013393,1738,3206
WBGene00013406,70,74
WBGene00013407,482,373
WBGene00013418,1,1
WBGene00022026,18,17
WBGene00022030,2,8
WBGene00022033,10,7
WBGene00022035,182,122
WBGene00022036,534,308
WBGene00022040,3,6
WBGene00013422,94,59
WBGene00044156,3,6
WBGene00013436,257,158
WBGene00013437,7,67
WBGene00013448,35,58
WBGene00013429,5,35
WBGene00013432,90,68
WBGene00013433,61,43
WBGene00013434,474,311
WBGene00013435,270,214
WBGene00022046,620,417
WBGene00022047,40,87
WBGene00013459,23,56
WBGene00013449,6,115
WBGene00022052,328,202
WBGene00022055,112,65
WBGene00022057,573,333
WBGene00013464,395,331
WBGene00022092,498,430
WBGene00022093,63,124
WBGene00022099,157,119
WBGene00022075,43,43
WBGene00022079,4,32
WBGene00013473,29,296
WBGene00013474,46,466
WBGene00013476,3,65
WBGene00013477,151,244
WBGene00013478,9,76
WBGene00022102,3,52
WBGene00013484,11,78
WBGene00012393,137,102
WBGene00050915,4,63
WBGene00022115,213,174
WBGene00022110,110,253
WBGene00022114,3851,2732
WBGene00022125,45,50
WBGene00022150,351,251
WBGene00022155,9,40
WBGene00022157,17,28
WBGene00022160,10,15
WBGene00022162,3,60
WBGene00022146,120,231
WBGene00022166,359,214
WBGene00022176,436,292
WBGene00022177,15,21
WBGene00022178,504,898
WBGene00022169,593,603
WBGene00022188,150,133
WBGene00022191,28,38
WBGene00022192,903,636
WBGene00022194,70,149
WBGene00022221,7,3
WBGene00022228,17,49
WBGene00022229,14,12
WBGene00022237,22,13
WBGene00022244,407,282
WBGene00022248,87,108
WBGene00194832,2,1
WBGene00022250,161,80
WBGene00022255,1,1
WBGene00022259,58,51
WBGene00022260,44,73
WBGene00022273,111,76
WBGene00013514,62,138
WBGene00013515,30,61
WBGene00013516,5,16
WBGene00013531,57,61
WBGene00013532,344,255
WBGene00022280,129,107
WBGene00013573,4,4
WBGene00013568,11,16
WBGene00022287,3,1
WBGene00013550,419,228
WBGene00013551,301,182
WBGene00013561,273,146
WBGene00022292,73,38
WBGene00013576,195,142
WBGene00013577,742,989
WBGene00022297,188,156
WBGene00022303,14,4
WBGene00022307,79,191
WBGene00012407,300,551
WBGene00012420,2,5
WBGene00022336,3594,4565
WBGene00013604,66,39
WBGene00044260,3,19
WBGene00022366,103,95
WBGene00022368,338,236
WBGene00022382,12135,14870
WBGene00050885,18,13
WBGene00022376,231,128
WBGene00022380,637,727
WBGene00022383,21,43
WBGene00022385,6,34
WBGene00013605,212,161
WBGene00022398,545,351
WBGene00022410,7,9
WBGene00022517,3,11
WBGene00022503,1,1
WBGene00013832,3,8
WBGene00022545,1,18
WBGene00022562,10,26
WBGene00022564,41,22
WBGene00022507,3,44
WBGene00022573,6,2
WBGene00044371,7,1
WBGene00022569,53,123
WBGene00022576,7,6
WBGene00045305,9,21
WBGene00022581,5,4
WBGene00013863,10,21
WBGene00022589,3,34
WBGene00013870,12,19
WBGene00013879,12,162
WBGene00043952,6,30
WBGene00013884,129,274
WBGene00022609,12,9
WBGene00013892,876,540
WBGene00013894,1453,1090
WBGene00013896,8,22
WBGene00013899,11,18
WBGene00022612,5,6
WBGene00045365,15,16
WBGene00195189,3,3
WBGene00022621,7,61
WBGene00022633,268,402
WBGene00022634,13,118
WBGene00164985,40,54
WBGene00014176,666,420
WBGene00022653,374,506
WBGene00014203,119,66
WBGene00014209,824,491
WBGene00014210,2,1
WBGene00014213,123,182
WBGene00014214,10,33
WBGene00014218,2587,1604
WBGene00014226,82,71
WBGene00022857,112,70
WBGene00195239,164,81
WBGene00022850,511,268
WBGene00022851,321,203
WBGene00022852,297,224
WBGene00014227,529,292
WBGene00014239,1,36
WBGene00022864,222,124
WBGene00022866,22,46
WBGene00022867,33,50
WBGene00022868,16,30
WBGene00022881,419,230
WBGene00022883,1061,583
WBGene00022885,120,62
WBGene00044393,1,23
WBGene00022891,11,15
WBGene00022893,26,37
WBGene00044396,14,18
WBGene00014246,4,36
WBGene00014247,16,103
WBGene00014249,1713,1341
WBGene00014250,1093,666
WBGene00044007,2,17
WBGene00014252,320,597
WBGene00014253,428,649
WBGene00014256,298,153
WBGene00014258,1299,1153
WBGene00022665,3,3
WBGene00022666,45,58
WBGene00044481,34,100
WBGene00013949,4,2
WBGene00013956,29,228
WBGene00013959,6,4
WBGene00013968,3,5
WBGene00022695,14,39
WBGene00022699,1,11
WBGene00022704,261,180
WBGene00022706,31,277
WBGene00022709,12,128
WBGene00086560,2,6
WBGene00022734,533,367
WBGene00022749,773,485
WBGene00022752,5,12
WBGene00013982,3,3
WBGene00013988,2,8
WBGene00013989,11,5
WBGene00013984,36,29
WBGene00013986,3,9
WBGene00013987,7,58
WBGene00013999,24,185
WBGene00014000,79,231
WBGene00044355,12,16
WBGene00014006,65,115
WBGene00014007,5,42
WBGene00022772,16,9
WBGene00022773,121,71
WBGene00022775,393,205
WBGene00194816,14,152
WBGene00022780,3,42
WBGene00022782,2,7
WBGene00014017,680,657
WBGene00014018,590,386
WBGene00014019,383,275
WBGene00014020,483,275
WBGene00014013,1968,1266
WBGene00014016,590,621
WBGene00014029,3,68
WBGene00014031,41,43
WBGene00014022,345,255
WBGene00014024,3,18
WBGene00014034,216,132
WBGene00014036,1324,878
WBGene00014039,3,5
WBGene00014048,4,19
WBGene00014053,10,16
WBGene00014058,850,661
WBGene00014060,51,33
WBGene00014062,3,15
WBGene00022791,117,57
WBGene00022792,861,470
WBGene00022793,2038,1207
WBGene00022795,2,34
WBGene00044762,271,228
WBGene00044763,7,48
WBGene00022802,42,22
WBGene00022803,312,192
WBGene00022810,2,8
WBGene00022813,31,54
WBGene00045277,2,2
WBGene00014074,6,5
WBGene00014076,119,129
WBGene00014082,11,129
WBGene00014083,351,210
WBGene00014086,1625,1499
WBGene00022820,1225,2280
WBGene00022821,571,1315
WBGene00022822,881,1621
WBGene00022824,1,1
WBGene00045394,2883,4386
WBGene00022825,1,1
WBGene00014090,75,158
WBGene00014091,172,405
WBGene00044009,5,4
WBGene00014096,777,598
WBGene00014099,2,4
WBGene00022650,10,74
WBGene00014112,595,276
WBGene00194912,4,80
WBGene00014106,4,13
WBGene00014108,137,282
WBGene00014116,24,210
WBGene00014118,162,105
WBGene00014125,7,19
WBGene00014129,6,84
WBGene00014136,27,15
WBGene00014141,197,399
WBGene00014148,100,142
WBGene00014150,50,83
WBGene00014157,23,20
WBGene00014158,37,362
WBGene00014166,65,35
WBGene00014169,20,198
WBGene00014170,1,6
WBGene00022836,623,347
WBGene00022834,13,74
WBGene00022835,677,378
